Name,Title,Firm,Profile,Ecosystem_I,Source_CSV_I
Rahul Naidoo,co-founder. consumer Healthcare does not exist. consumer Healthcare will exist.,,https://www.linkedin.com/in/rahul-naidoo-52210578/,generalist,harvard
Shangyan Li,We're hiring! Building Sylvan Labs | 2x exited founder,2x exited founder,https://www.linkedin.com/in/shangyan-li-3582456b/,generalist,harvard
Michael Linse,Founder and Managing Director of Linse Capital,,https://www.linkedin.com/in/mlinse/,generalist,harvard
Zachary Kastenhuber,Co-founder & CGO at Aranya,Aranya,https://www.linkedin.com/in/zachary-kastenhuber-106681136/,generalist,harvard
Faisal Younus,Co-Founder & CEO at Pillar,Pillar,https://www.linkedin.com/in/faisal-younus/,generalist,harvard
Manav Khandelwal,"Founder (healthcare x AI) | prev: Stripe, Google APM, Harvard CS",prev: Stripe,https://www.linkedin.com/in/manav-khandelwal/,generalist,harvard
Hansae Catlett,Partner at HOF Capital | Co-founder & GP at The MBA Fund,The MBA Fund,https://www.linkedin.com/in/hansae-catlett-436a9b21/,generalist,harvard
Austin King,Co-Founder at Nomina | Forbes 30u30,Nomina,https://www.linkedin.com/in/austin-king-61a9b8b9/,generalist,harvard
Devvret Rishi,GM of AI @ Rubrik | Former Founder & CEO @ Predibase,Predibase,https://www.linkedin.com/in/devvret-rishi-b0857684/,ai,harvard
Lisa Le Vo,5x technical founder. Co-founder of LoveJack: new dating app for sexy brains and word nerds ‚ô•,,https://www.linkedin.com/in/lisalevo/,generalist,harvard
Jacob Cremers,CEO @ Beans | Harvard '24,Beans,https://www.linkedin.com/in/janmc/,generalist,harvard
Payton Coutlis,Product Manager | Founder | Harvard College Graduate,Harvard College Graduate,https://www.linkedin.com/in/payton-coutlis/,generalist,harvard
Christine Hong,Founder & CEO,,https://www.linkedin.com/in/christine-hong-28b144112/,generalist,harvard
Cheryl Campos,"Harvard | Stanford GSB | Co-Founder, LaFamilia Foundation",Co-Founder,https://www.linkedin.com/in/cherylcampos/,generalist,harvard
Aran Khanna,"CEO at Archera, Insuring Cloud Commitments",Archera,https://www.linkedin.com/in/aran-khanna/,infrastructure,harvard
Brandon Hoffman,"GP at Sunset VC | Founder at Emerging LA | Lead at AI Collective | ex-Samsung, ex-Morgan Stanley | Board at MLT, Toigo & LA Library Foundation",MLT,https://www.linkedin.com/in/bdhoffman/,ai,harvard
Jason Zhang,Co-Founder & Chief Strategy Officer @ Applied Digital,Applied Digital,https://www.linkedin.com/in/jasongzhang/,generalist,harvard
Nick Bunn,Partner Success @ Via | Exited Founder,Via,https://www.linkedin.com/in/nick-bunn-793244114/,generalist,harvard
Ben Gusberg,"Co-founder, Cape | Host, NY Icons",Host,https://www.linkedin.com/in/ben-gusberg/,generalist,harvard
Ken Chenault Jr,Co-Founder & Managing Partner at Benchstrength,Benchstrength,https://www.linkedin.com/in/ken-chenault-jr-697325b6/,generalist,harvard
Andrew Artz,Founder of Dark Arts VC,,https://www.linkedin.com/in/andrewartz/,generalist,harvard
Mark Grozen-Smith,"Founder - AI, Energy, Infrastructure",,https://www.linkedin.com/in/grozensmith/,ai,harvard
Eric Rosenblum,Managing Partner at Foothill Ventures (always looking for great start-up founders!),Foothill Ventures,https://www.linkedin.com/in/erosenblum/,generalist,harvard
Alexa von Tobel,"Founder, Managing Partner at Inspired Capital",Inspired Capital,https://www.linkedin.com/in/alexavontobel/,generalist,harvard
Kevin Kong,CEO & Founder at Everstar | Accelerating Nuclear with AI,Everstar,https://www.linkedin.com/in/kevinkong91/,fusion_energy,harvard
Stephen Turban,Co-Founder @ Lumiere | McKinsey & Harvard Alum | Follow to Learn About My Bootstrapping Journey,Lumiere,https://www.linkedin.com/in/stephenturban/,generalist,harvard
Angela Han,Founder and CEO of Amora Alliance,,https://www.linkedin.com/in/angelalovesuniverse/,generalist,harvard
Joshua Elkington,Founder and General Partner at Axial,Axial,https://www.linkedin.com/in/elkingtonjoshua/,generalist,harvard
Madhav Datt,"Co-Founder, CEO @ Polynomic | Ex-Google, Citadel | HBS",Polynomic,https://www.linkedin.com/in/madhavdatt/,generalist,harvard
Angel Onuoha,"Co-Founder, CEO @ Avelis Health (YC S25)",Avelis Health,https://www.linkedin.com/in/angel-onuoha/,generalist,harvard
Teddy Himler,"Founder and Managing Partner, Optimist Ventures",,https://www.linkedin.com/in/teddy-himler-84674719/,generalist,harvard
Simi Shah,Strategist for CXOs | Founder of South Asian Trailblazers | Forbes 30U30 | Harvard + Wharton MBA | Speaker & Writer,Speaker & Writer,https://www.linkedin.com/in/simishah/,generalist,harvard
Michael New,"Co-Founder & CEO, CapsLock",,https://www.linkedin.com/in/newmichael/,generalist,harvard
Afraz Siddiqui,Staff Engineer @ Facebook | Founder @ iOS Academy | Previous: Microsoft,iOS Academy,https://www.linkedin.com/in/afrazsiddiqui/,generalist,harvard
"Stacie Olivares, NACD.DC",CEO | Board Director | Investment Leader,Investment Leader,https://www.linkedin.com/in/olivares/,generalist,harvard
Kate (Ksenia) Laurence,"CEO & Founder, BCVC | Milken YLC",Milken YLC,https://www.linkedin.com/in/kate-mitselmakher/,generalist,harvard
Matthew G. Podlesak,Co-Founder @ Gather Capital | Private Investment Office Curating Top Tier Private Equity Funds,Gather Capital,https://www.linkedin.com/in/matthew-g-podlesak/,generalist,harvard
Rit Chakraborty,"Co-Founder, Superscript | Harvard",Harvard,https://www.linkedin.com/in/rit-chakraborty-b26a11178/,generalist,harvard
Tommy McCarthy,Co-Founder & CEO @ Superconscious,Superconscious,https://www.linkedin.com/in/tommy-mccarthy/,generalist,harvard
John Beadle,Co-Founder and Managing Partner at Aegis Ventures,Aegis Ventures,https://www.linkedin.com/in/johnpbeadle/,generalist,harvard
Ali Dastjerdi,Co-Founder & CEO at Raylu | Building AI That Helps Investors Think Faster and Decide Smarter,Raylu,https://www.linkedin.com/in/ali-dastjerdi/,ai,harvard
Michael Woo,Co-Founder and CEO at Applied Labs (We're Hiring!),Applied Labs,https://www.linkedin.com/in/michaeljwoo/,generalist,harvard
Taylor Carol,CEO at EveryCare,EveryCare,https://www.linkedin.com/in/taylorqcarol/,generalist,harvard
Davis Wilkinson,CEO at Stealth,Stealth,https://www.linkedin.com/in/davis-wilkinson-38988a73/,generalist,harvard
Dhruv Gupta,CEO & Co-Founder @ Drumkit,Drumkit,https://www.linkedin.com/in/dhruv4/,generalist,harvard
Archana Somasegar,"CEO | MineMe | Harvard B.A., Wharton M.B.A",Harvard B.A.,https://www.linkedin.com/in/archana-somasegar-83abb4ab/,generalist,harvard
Grayson Judge,Co-Founder & Managing Partner at Supermoon Capital,Supermoon Capital,https://www.linkedin.com/in/graysonjudge/,generalist,harvard
Jonathan Christodoro,Co-Founder at Troluce Capital Advisors,Troluce Capital Advisors,https://www.linkedin.com/in/jonathan-christodoro-41384b3a/,generalist,harvard
Regan Bozman,Co-Founder at Lattice,Lattice,https://www.linkedin.com/in/reganbozman/,generalist,harvard
Justin Wu,"Co-Founder @ ProSights | ex-Permira, Citi",ProSights,https://www.linkedin.com/in/ai-finance/,generalist,harvard
Luke Heine,"Gen AI @ MSFT | fmr CEO @ Swipehouse (acquired) | YC W'18, Harvard, Hacking on new stuff üîÆ",Swipehouse,https://www.linkedin.com/in/lukeheine/,ai,harvard
Neel Mehta,üß∂ Founder @ Fiber AI (YC S23) | üìö 3x Bestselling Author | üîç Former Google PM,Fiber AI,https://www.linkedin.com/in/neel-a-mehta/,ai,harvard
McNeil A.,Co-Founder @ Stealth AI Startup | UChicago Alum,Stealth AI Startup,https://www.linkedin.com/in/mcneilallo/,ai,harvard
Arjun Verma,CEO @ Fulltrack | 3x global patents | Harvard CS,Fulltrack,https://www.linkedin.com/in/av777x/,generalist,harvard
Milton D.,Founder & Strategist | Plantaizin' & Phoenix VC,Plantaizin' & Phoenix VC,https://www.linkedin.com/in/mkdpf/,generalist,harvard
Michael Biercuk,"Helping make quantum technology useful for enterprise, aviation, defense, and R&D | CEO & Founder, Q-CTRL | Professor of Quantum Physics & Quantum Technology | Innovator | Speaker | TEDx | SXSW",SXSW,https://www.linkedin.com/in/mjbiercuk/,quantum,harvard
Nadia Eldeib,Building new technology products to improve people's lives. CodeYam CEO & Co-founder. Founder Fellow at South Park Commons. Previously Product at Lyft.,Lyft.,https://www.linkedin.com/in/nadiaeldeib/,generalist,harvard
Jennifer Song,"Co-founder @ Photonium (YC X25) | Harvard Physics, Math, CS",Photonium,https://www.linkedin.com/in/jennifer-y-song/,generalist,harvard
Christian Bjelland,"Founder, Advisor, Investor.",,https://www.linkedin.com/in/christianbjelland/,generalist,harvard
Nathaniel Brooks Horwitz,CEO @ Hunterbrook,Hunterbrook,https://www.linkedin.com/in/nathaniel-brooks-horwitz/,generalist,harvard
Arlo Hill,Broadway Actor | Founder | Product at Fathom,Fathom,https://www.linkedin.com/in/arlohill/,generalist,harvard
Michael Bervell,CEO at TestParty | Fix eCom accessibility fast,TestParty,https://www.linkedin.com/in/michaelbervell/,generalist,harvard
Ibby Syed,"Founder, Cotera - AI agents on top of your internal data.",AI agents on top of your internal data.,https://www.linkedin.com/in/ibby/,ai,harvard
Jared A. Rasheed,Founder | President | C.E.O & Chairman at Jared A. Rasheed Industries Corporation,Jared A. Rasheed Industries Corporation,https://www.linkedin.com/in/jaredrasheed/,generalist,harvard
Connor Schoen,Co-Founder and Executive Director at Breaktime; Forbes 30 Under 30,Breaktime; Forbes 30 Under 30,https://www.linkedin.com/in/connor-schoen-1a2356135/,generalist,harvard
Casey Caruso,Founder and Managing Partner at Topology Ventures,Topology Ventures,https://www.linkedin.com/in/casey-k-caruso/,generalist,harvard
Dhruv Chugh,"Founder, Titanium",,https://www.linkedin.com/in/dhruv-chugh-bb1a83156/,generalist,harvard
Justin Mack,Co-Founder & CTO at Garden,Garden,https://www.linkedin.com/in/justindmack/,generalist,harvard
Lucy Wang,co-founder @ pocketflows - we're hiring!,pocketflows - we're hiring!,https://www.linkedin.com/in/lucy-wang-944508132/,generalist,harvard
Benedict Brady,Founder @ Meridian,Meridian,https://www.linkedin.com/in/benedict-brady-713658135/,generalist,harvard
Elton Lossner,Co-Founder & COO @ Hazel | AI for public procurement,Hazel,https://www.linkedin.com/in/eltonlossner/,ai,harvard
Nisha Swarup,Technical Founder at Airflip,Airflip,https://www.linkedin.com/in/ntswarup/,generalist,harvard
Finn Brown,Co-Founder & CEO at Aqua Voice (YC W24),Aqua Voice,https://www.linkedin.com/in/finnbrown/,generalist,harvard
Elizabeth Ashford,Founder,,https://www.linkedin.com/in/elizabeth-ashford-8a833a115/,generalist,harvard
Connor McCarthy,Co-Founder at Rize Education | Forbes U30 (2022),Rize Education,https://www.linkedin.com/in/connorpcmccarthy/,generalist,harvard
Hirsh Jain,CEO & Co-founder @ Percepta,Percepta,https://www.linkedin.com/in/hirshjain/,generalist,harvard
Jordan Dubin,Co-Founder of Guild Garage Group Co-Founder of Galaxy Service Partners,,https://www.linkedin.com/in/jordan-dubin-3350a8143/,generalist,harvard
Benjamin Cohen,Founder at proton.ai -- We're hiring!,proton.ai -- We're hiring!,https://www.linkedin.com/in/benj-cohen/,ai,harvard
David Tse,"Founder, Operator, Investor | Lucid Motors, Covariant, Gatik",Lucid Motors,https://www.linkedin.com/in/david-tse-5248a447/,generalist,harvard
Allan Jean-Baptiste,Co-Founder & Managing Partner at Ansa,Ansa,https://www.linkedin.com/in/allanjeanbaptiste/,generalist,harvard
Nath√°n Goldberg Crenier,Vice President of U.S. Soccer | Co-Founder of Bluebonnet Data | Harvard JD Candidate & Global Sports Fellow | Forbes 30 Under 30 & Sports Business Journal New Voices Under 30 | PD Soros New American Fellow,PD Soros New American Fellow,https://www.linkedin.com/in/natgoldc/,generalist,harvard
Komal Hemant Parakh,Founder at Upcycle Corps | Navab Social Impact Fellowship Recipient| 30 Under 30 | 99 Women Achievers of India | Indian Achievers Club | On a mission to transform sustainability into a lifestyle ‚ôªÔ∏èüå±üçÉ,Upcycle Corps,https://www.linkedin.com/in/komal-hemant-parakh-ab0208122/,generalist,harvard
Tony Chen,"Artist at aWhyNotProduction, Founder of re¬∑cre¬∑a¬∑tion",aWhyNotProduction,https://www.linkedin.com/in/chenoutof10/,generalist,harvard
Gabriela Siegal Fine,Office of the CEO at BSD & MSD Partners,BSD & MSD Partners,https://www.linkedin.com/in/gabriela-siegal/,generalist,harvard
Kian Simpson,Co-Founder @ Cohort | Ex-Bain,Cohort,https://www.linkedin.com/in/kian-simpson/,generalist,harvard
Isaac Struhl,Co-Founder and CTO at Distributed Spectrum.,Distributed Spectrum.,https://www.linkedin.com/in/isaac-struhl/,generalist,harvard
Lauren Kunze,CEO at ICONIQ,ICONIQ,https://www.linkedin.com/in/lkunze/,generalist,harvard
Pat Connors,Co-Founder & CEO @ Altir,Altir,https://www.linkedin.com/in/pat-connors-altir/,generalist,harvard
Nicholas Sleeper,"CEO, Kirana AI (YC X25)",,https://www.linkedin.com/in/nicholas-sleeper-209641179/,ai,harvard
Nadya O.,"co-Founder of August, Content creator (5m+ followers), and Author of ""Period Power""",,https://www.linkedin.com/in/nadyaokamoto/,generalist,harvard
Rangel Milushev,Co-founder & CPO @ –ü—Ä–∞–≤–µ–Ω –ò–Ω—Ç–µ–ª–µ–∫—Ç - AI –∞—Å–∏—Å—Ç–µ–Ω—Ç –∑–∞ –±—ä–ª–≥–∞—Ä—Å–∫–æ –ø—Ä–∞–≤–æ | Harvard '20 | YC and EF alumnus,–ü—Ä–∞–≤–µ–Ω –ò–Ω—Ç–µ–ª–µ–∫—Ç - AI –∞—Å–∏—Å—Ç–µ–Ω—Ç –∑–∞ –±—ä–ª–≥–∞—Ä—Å–∫–æ –ø—Ä–∞–≤–æ,https://www.linkedin.com/in/rangel-milushev/,ai,harvard
Brandon Dixon,"Founder, DCS PR ‚Äî working with futurists | Drum PR Awards Juror, Ex-Scholastic Advisory Council, Harvard '19, Gates Millenium Scholar | Strategy, Editorial, Corporate Comms",Strategy,https://www.linkedin.com/in/brandonjodixon/,generalist,harvard
W J O'Reilly,Author; School Founder; Cultural Impresario,,https://www.linkedin.com/in/w-j-o-reilly-3707029/,generalist,harvard
Blake Lieberman,Founder @ 021,021,https://www.linkedin.com/in/blake-lieberman/,generalist,vcpe
Fady Yacoub,Co-founder / Partner at HOF Capital,HOF Capital,https://www.linkedin.com/in/fadyyacoub/,generalist,vcpe
Jakob Diepenbrock,Founder & GP at Discipulus Ventures,Discipulus Ventures,https://www.linkedin.com/in/jakobdiepenbrock/,generalist,vcpe
Max Brickman,Founder at Heartland Ventures,Heartland Ventures,https://www.linkedin.com/in/maxbrickman/,generalist,vcpe
David Brillembourg,Founder @ Dune,Dune,https://www.linkedin.com/in/brillembourg/,generalist,vcpe
John Monagle,Co-Founder & Managing Partner at Benchstrength,Benchstrength,https://www.linkedin.com/in/john-monagle-629a9721/,generalist,vcpe
Jai Jung Kim,"Co-Founder, General Partner at Story Capital",Story Capital,https://www.linkedin.com/in/jaijungkim/,generalist,vcpe
Sophie Purdom,Managing Partner at Planeteer Capital & Co-Founder of CTVC,Planeteer Capital & Co-Founder of CTVC,https://www.linkedin.com/in/sophiepurdom/,generalist,vcpe
Marlon Evans,CEO at Nex Cubed,Nex Cubed,https://www.linkedin.com/in/evansmarlon/,generalist,vcpe
Wesley Chan,Co-Founder & Managing Partner of FPV Ventures. Canva Series A Lead and Board Member. Forbes Midas List investor.,FPV Ventures. Canva Series A Lead and Board Member. Forbes Midas List investor.,https://www.linkedin.com/in/weschan/,generalist,vcpe
Jeremiah Daly,"Founder, General Partner at Elephant",Elephant,https://www.linkedin.com/in/jeremiahd/,generalist,vcpe
Sunil Chhaya,Co-Founder and General Partner | Kearny Jackson,Kearny Jackson,https://www.linkedin.com/in/sunil-chhaya/,generalist,vcpe
Sean Hoge,Founder & General Partner at Starship Ventures ‚≠êÔ∏èüöÄ,Starship Ventures ‚≠êÔ∏èüöÄ,https://www.linkedin.com/in/sean-hoge/,generalist,vcpe
Stephen Marcus,Co-Founder & General Partner at Riot Ventures,Riot Ventures,https://www.linkedin.com/in/smarcus/,generalist,vcpe
Stephen DiBartolomeo,Venture investor and startup founder @Chiplytics,,https://www.linkedin.com/in/stephendibart/,robotics_hardware,vcpe
Jai Relan,"founder @ relling | previously: 2x founder, clara labs, rollup",relling | previously: 2x founder,https://www.linkedin.com/in/jairelan/,generalist,vcpe
Rex Woodbury,Founder & Managing Partner at Daybreak,Daybreak,https://www.linkedin.com/in/rexwoodbury/,generalist,vcpe
Nicky Montana,"Writing 1st checks of $250k-$500k into founders across deep tech, AI, crypto.",,https://www.linkedin.com/in/nick-montana/,ai,vcpe
Devan Malhotra,Co-Founder and General Partner @ Valhalla Ventures,Valhalla Ventures,https://www.linkedin.com/in/devan-malhotra/,generalist,vcpe
Larsen Jensen,üè¥‚Äç‚ò†Ô∏è Founder @ Harpoon & Vector ‚áÄ üá∫üá∏ Fmr. Olympian & Navy SEAL,Harpoon & Vector ‚áÄ üá∫üá∏ Fmr. Olympian & Navy SEAL,https://www.linkedin.com/in/larsen-jensen/,generalist,vcpe
Josh Porter,Co-Founder & Managing Partner at FirstLook Partners,FirstLook Partners,https://www.linkedin.com/in/joshuasporter/,generalist,vcpe
Ephraim Yarmak,Investing in Mentches | Founder StorieZ Podcast,Founder StorieZ Podcast,https://www.linkedin.com/in/ephraimyarmak/,generalist,vcpe
Rob Freelen,"VC @ Sozo Ventures, Kauffman Fellow (Class 29), Co-Founder of Turbine, xSVB",Sozo Ventures,https://www.linkedin.com/in/robfreelen/,generalist,vcpe
Alex Edelson,Founder & GP at Slipstream Investors,Slipstream Investors,https://www.linkedin.com/in/alex-edelson-604767b/,generalist,vcpe
Zachary Ginsburg,Founder & General Partner at Calm Ventures,Calm Ventures,https://www.linkedin.com/in/zachary-ginsburg-74a03423/,generalist,vcpe
Darwin Ling,"Founder / General Partner at Good AI Capital | 2 IPOs, 3 Unicorns, 3 Exits | Founder-turned-VC | Backing visionary founders (SoFi, PlayCo, Upgrade, Serve Robotics, BitBio) tackling deep industry problems since 2013",Good AI Capital | 2 IPOs,https://www.linkedin.com/in/darwinling/,robotics_hardware,vcpe
Adrian Alfieri,Founder & CEO at Verbatim | Case studies that close deals,Verbatim | Case studies that close deals,https://www.linkedin.com/in/adrian-alfieri/,generalist,vcpe
Brian Hollins,Founder and Managing Partner @ Collide Capital | Founder @ Takeoff Institute | Kauffman Class 26 | Milken Institute YLC,Collide Capital | Founder @ Takeoff Institute | Kauffman Class 26 | Milken Institute YLC,https://www.linkedin.com/in/brian-hollins/,generalist,vcpe
Amin Mirzadegan,Partner at Founders Fund,Founders Fund,https://www.linkedin.com/in/amirzadegan/,generalist,vcpe
Mario Ruiz,Co-Founder and Managing Partner at Infinity Ventures,Infinity Ventures,https://www.linkedin.com/in/mariorruiz/,generalist,vcpe
Alexander Lin,cofounder at reforge,reforge,https://www.linkedin.com/in/linfluence/,generalist,vcpe
John Luttig,Partner at Founders Fund,Founders Fund,https://www.linkedin.com/in/luttig/,generalist,vcpe
Michael Goguen,Founder & Managing Partner at Two Bear Capital,Two Bear Capital,https://www.linkedin.com/in/michael-goguen-23314/,generalist,vcpe
Matthew Lloyd-Thomas,Founder and CEO of Milky Way Park,Milky Way Park,https://www.linkedin.com/in/matthew-lloyd-thomas-541a9614/,generalist,vcpe
Dayna Grayson,"Co-founder & Co-Managing Partner Construct Capital, previous partner NEA, early stage VC",,https://www.linkedin.com/in/daynagrayson/,generalist,vcpe
Jason Goldsmith,CEO & Managing Partner at B'More Venture Studio | Co-Founder of BVS Cohort Businesses | Co-Founder & Former CEO at CARCHEX | Serial Entrepreneur | Impact Investor | Ernst & Young Entrepreneur of the Year Award Winner,B'More Venture Studio | Co-Founder of BVS Cohort Businesses | Co-Founder & Former CEO at CARCHEX | Serial Entrepreneur | Impact Investor | Ernst & Young Entrepreneur of the Year Award Winner,https://www.linkedin.com/in/getgoldied/,generalist,vcpe
Stephanie A. Rieben-de Roquefeuil,Co-Founder/CEO @Diadem Capital | Investor | LP | Venture Deal Flow (Venture Capital & Venture Debt) | $7B+ Raised for Companies | Money 20/20 USA RiseUp (2023 Alumna + 2024/25 Mentor),Money 20/20 USA RiseUp,https://www.linkedin.com/in/stephanie-rieben/,generalist,vcpe
Anne Dwane,Co-Founder & Partner at Village Global,Village Global,https://www.linkedin.com/in/dwane/,generalist,vcpe
Brian Bell,"Founder and Managing Partner at Team Ignite Ventures | ex AI at AWS, Microsoft, and several startups.",Team Ignite Ventures | ex AI at AWS,https://www.linkedin.com/in/bblinkedin/,ai,vcpe
Andy Price,"Founder, Artisanal Ventures, Artisanal Talent, Founder obsessed, keeper of a genius pit bull and two questionable bulldogs, married out of my league and dad of 3.","a genius pit bull and two questionable bulldogs, married out of my league and dad of 3.",https://www.linkedin.com/in/andyprice1/,generalist,vcpe
Russell Sprole,"Backing bold founders transforming how the world is moved, powered, and built.",,https://www.linkedin.com/in/russellsprole/,generalist,vcpe
-F r a n k- -.,Founder: GateCap Ventures - Investing in Companies Building the Infrastructure for the Digitization of Traditional Assets | Founder: Gateway Private Capital (PE LP Advisor) | IC: Keystone National Group (Private Credit),Traditional Assets | Founder: Gateway Private Capital (PE LP Advisor) | IC: Keystone National Group (Private Credit),https://www.linkedin.com/in/frankgatecap/,infrastructure,vcpe
Brannon Jones,DeepTech VC | Founder | ex-SpaceX | Harvard | Princeton,Princeton,https://www.linkedin.com/in/jones-brannon/,generalist,vcpe
Nick Phillips,CEO @ Brond | Helping Men Redefine Their Prime,Brond | Helping Men Redefine Their Prime,https://www.linkedin.com/in/nicholas-j-phillips/,generalist,vcpe
John Beadle,Co-Founder and Managing Partner at Aegis Ventures,Aegis Ventures," and 21 others""",generalist,vcpe
Jake Dwyer,Founder - Factor Capital,Factor Capital,https://www.linkedin.com/in/jakedwyer/,generalist,vcpe
Raida Daouk El Jisr,Founder & Managing Partner @ Amkan Ventures | Fund of Funds,Amkan Ventures | Fund of Funds,https://www.linkedin.com/in/raidadaouk/,generalist,vcpe
Hisham Elhaddad,Co-Founder & Managing Partner at HOF Capital,HOF Capital,https://www.linkedin.com/in/hishamelhaddad/,generalist,vcpe
Chris Green,Founder and CEO at GreenPoint Partners,GreenPoint Partners,https://www.linkedin.com/in/chris-green-4a1b00180/,generalist,vcpe
Mike Annunziata,Founder & Solo GP @ Also Capital,Also Capital,https://www.linkedin.com/in/mike-annunziata-12853bb/,generalist,vcpe
"Iva H Skojo, MA",Investor Office Hours @Slush - Venture Capital & Family Office | 2x Founder | Chief of Staff | Scaling Stategist for Pre-Seed to Series A founders | Online VC Communities,Staff | Scaling Stategist for Pre-Seed to Series A founders | Online VC Communities,https://www.linkedin.com/in/ivaskojo/,generalist,vcpe
Andrew Rea,co-founder / CEO @ Taxwire.com | global sales tax solved,Taxwire.com | global sales tax solved,https://www.linkedin.com/in/andrewrea1996/,generalist,vcpe
"Luca Parolari, MD, PhD",Senior Associate @DCVC Bio || Co-Founder & Director @Pint√¥ International,,https://www.linkedin.com/in/parolari/,biotech,vcpe
Brian Murphy,"Founder - Portfolio Advisors, LLC and Senior Advisor - Future Standard.",Future Standard.,https://www.linkedin.com/in/brian-murphy-b77baa/,generalist,vcpe
Seungha Ku,Founder & Managing Partner at Nexus Bay Capital,Nexus Bay Capital,https://www.linkedin.com/in/seungha-ku-84763612/,generalist,vcpe
Oleg Puzyreff,Newton Ventures: Helping Founders Succeed!,Newton Ventures: Helping Founders Succeed!,https://www.linkedin.com/in/oleg-g-puzyreff/,generalist,vcpe
Clay Norris,GP @ Outlaw // Founder @ Confluence,Outlaw // Founder @ Confluence,https://www.linkedin.com/in/cbnorris/,generalist,vcpe
"Miriam Dong, MBA",Recovering Engineer still tempted by shiny tools | Ex-founder now funding others' chaos | PhD Researcher who can't stop building things,PhD Researcher who can't stop building things,https://www.linkedin.com/in/miriamdong/,generalist,vcpe
Julie Blanc,Co-Founder & CEO at Rentana,Rentana,https://www.linkedin.com/in/julieblanc/,generalist,vcpe
James Lu Morrissey,Founder turned Investor (Umami Capital) | Forbes 30U30 | Inc 5000 (5x),Inc 5000,https://www.linkedin.com/in/jameslmorrissey/,generalist,vcpe
David Beisel,Co-Founder & Partner at NextView Ventures,NextView Ventures,https://www.linkedin.com/in/davidbeisel/,generalist,vcpe
Chip Welsh,Founder & Investor,,https://www.linkedin.com/in/chip-welsh/,generalist,vcpe
Guy Perelmuter,"Founder at GRIDS Capital, author of \Present Future: Business",GRIDS Capital,"Jonathan Abrams, Pascal Levy-Garboua, and 84 others",fusion_energy,vcpe
Matthew Cimaglia,Tech Innovator | Multi-Time Founder | Advancing Quantum Technology & Driving Innovation in Creative Industries,Advancing Quantum Technology & Driving Innovation in Creative Industries,https://www.linkedin.com/in/matthewcimaglia/,quantum,vcpe
Howard M.,VC | Founder,Founder,https://www.linkedin.com/in/howard-mears/,generalist,vcpe
Alex Roy,"GP: NIVC. Co-Founder: The Narrative Command Co, The Drive, Autonocast. Chairman Emeritus @ The Moth. ""Godfather of the Modern Cannonball Run."" üéóÔ∏èüá∫üá∏üöÄ","The Moth. ""Godfather of the Modern Cannonball Run."" üéóÔ∏èüá∫üá∏üöÄ",https://www.linkedin.com/in/alexroy/,generalist,vcpe
Jason Lettmann,"CEO, ALX Oncology",ALX Oncology,https://www.linkedin.com/in/jason-lettmann-ba3ab7/,generalist,vcpe
Finn Murphy,GP at Nebular // Co-founder at Project 11,Nebular // Co-founder at Project 11,https://www.linkedin.com/in/finn-murphy-16160465/,generalist,vcpe
Alex Pattis,GP @ Riverside Ventures | Co-Founder @ Deal Sheet,Riverside Ventures | Co-Founder @ Deal Sheet,https://www.linkedin.com/in/alex-pattis-1709011a/,generalist,vcpe
Yoann Berno,Investing in climate breakthrough technologies to solve climate change üí• | Founder of Climate Insiders,Founder of Climate Insiders,https://www.linkedin.com/in/yberno/,generalist,vcpe
Zeynep Koruturk,"Executive Director at Goldman Sachs, Co-Founder GS Tech Initiative; Deep Tech Investor, Advisor, Board Member",Goldman Sachs,https://www.linkedin.com/in/zeynepkoruturk/,generalist,vcpe
Miles McCarthy,"Founder, Recce Capital Partners",Recce Capital Partners,https://www.linkedin.com/in/miles-mccarthy-980a1a1b7/,generalist,vcpe
Ryan Bloomer,Founder and Managing Partner of K50 Ventures,K50 Ventures,https://www.linkedin.com/in/ryan-bloomer-b3925a4/,generalist,vcpe
Fred Coulson,"Founder & Managing Partner, Five Elms Capital",Five Elms Capital,https://www.linkedin.com/in/fcoulson/,generalist,vcpe
Marlon Ramirez,Managing Partner Blue Impact | Co-Founder Azul Airlines | Co-Founder Modern Logistics | Empowering entrepreneurs building the supply chains of tomorrow.,tomorrow.,https://www.linkedin.com/in/marlonimpact/,generalist,vcpe
Jackson Andrews,Venture Capital | Entrepreneur | Co-Founder @ Endeavor Midwest,Endeavor Midwest,https://www.linkedin.com/in/jacksonandrewsv/,generalist,vcpe
Moshe Schlisser,Founder & Managing Partner at Shefa Capital,Shefa Capital,https://www.linkedin.com/in/mosheschlisser/,generalist,vcpe
Daniel Breyer,Partner at Breyer Capital | Co-Founder of Flare,Breyer Capital | Co-Founder of Flare,https://www.linkedin.com/in/danielbreyer/,generalist,vcpe
Basile Agay,Co-founder @Teampact.ventures,,https://www.linkedin.com/in/basile-agay-42030214b/,generalist,vcpe
Laurens Goff,Co-Founder & Managing Partner at Stone-Goff Partners,Stone-Goff Partners,https://www.linkedin.com/in/laurens-goff-ba47714/,generalist,vcpe
Sid K.,Founder & General Partner at Album VC,Album VC,https://www.linkedin.com/in/sidkrommenhoek/,generalist,vcpe
Grant Gischen,Co-Founder @ Energy Revolution Ventures. EnergyTech + ClimateTech | Global Business Development Manager @ DriWay Technologies | Ex-Bain,Energy Revolution Ventures. EnergyTech + ClimateTech | Global Business Development Manager @ DriWay Technologies | Ex-Bain,https://www.linkedin.com/in/grant-gischen-631b4a4a/,generalist,vcpe
Asif Rahman,Head of Private Equity Partnerships @ Brex | ex-PE | Exited founder,Brex | ex-PE | Exited founder,https://www.linkedin.com/in/asifrahman1/,generalist,vcpe
Liran Weissman,Founder of BuySide Partners | OCIO - Outsourced Chief Investment Officer | Investment Advisor | Forbes 30Under30 | C-level executive | Board Member,BuySide Partners | OCIO - Outsourced Chief Investment Officer | Investment Advisor | Forbes 30Under30 | C-level executive | Board Member,https://www.linkedin.com/in/liran-weissman-a121a0139/,generalist,vcpe
Chase Zimmerman,co-founder @ primitive,primitive,https://www.linkedin.com/in/chaseklvk/,generalist,deeptech
Sami S.,Founder and CEO at Endeavor,Endeavor,https://www.linkedin.com/in/sami-sen/,generalist,deeptech
üßà Erik Dunteman,Founder at Butter (YC W25),Butter,https://www.linkedin.com/in/edunteman/,generalist,deeptech
Mitchell Hsing,CEO and Co-Founder - InchFab,InchFab,https://www.linkedin.com/in/mitchellhsing/,generalist,deeptech
Alex Kosyakov,Co-Founder & CEO at Natrion | Forbes U30,Natrion,https://www.linkedin.com/in/alexkosyakov/,generalist,deeptech
Serge Kassardjian,Founder and Investor,,https://www.linkedin.com/in/sergekass/,generalist,deeptech
Nic Roberts-Huntley,"Founder, CEO",,https://www.linkedin.com/in/nicrh/,generalist,deeptech
Charlie Deane,Co-Founder @ Composite | Try at composite.com,composite.com,https://www.linkedin.com/in/deane-charlie/,generalist,deeptech
Kenneth Kruger,Founder & CEO at Moon,Moon,https://www.linkedin.com/in/kennethkruger/,generalist,deeptech
Filip Aronshtein,"Founder, CEO @ Dirac",Dirac,https://www.linkedin.com/in/fila/,generalist,deeptech
Maximilian Liese,Co-Founder of Vuecason - Advanced Manufacturing enthusiast with international industry experience - Let's re-industrialize the U.S.!,Let's re-industrialize the U.S.!,https://www.linkedin.com/in/maximilian-liese/,robotics_hardware,deeptech
Graham Novak,Founder & CEO at Mezzanine Labs,Mezzanine Labs,https://www.linkedin.com/in/grahamnovak/,generalist,deeptech
Niraj Pant,Co-Founder at Ritual,Ritual,https://www.linkedin.com/in/nirajpant/,generalist,deeptech
Lily Clifford,Rime CEO & Founder ‚Äì AI Voice Models for CX,,https://www.linkedin.com/in/lilyjclifford/,ai,deeptech
Omer Goldberg,Founder and CEO @ Chaos Labs | We're Hiring!,Chaos Labs,https://www.linkedin.com/in/omer-goldberg-680b40100/,generalist,deeptech
Jason Liu,Founder,,https://www.linkedin.com/in/jasonkliu/,generalist,deeptech
Jeff Cardenas,CEO | Co-Founder at Apptronik,Apptronik,https://www.linkedin.com/in/jeffrey-cardenas/,generalist,deeptech
Asaf Nevo,CEO & Founder at Pico (Acquired by Infront) | Entrepreneur & Investor | Decades of Strategic Leadership,Pico,https://www.linkedin.com/in/asafnevo/,generalist,deeptech
Feris Rifai,Cybersecurity & Software Growth Leader | GM of Software at TD SYNNEX | Scaling GTM-as-a-Service | CEO & Founder | Board Member | Multi-Sector Investor & Advisor,TD SYNNEX,https://www.linkedin.com/in/feris-rifai/,generalist,deeptech
Daniel Moore,Founder,,https://www.linkedin.com/in/danielymoore/,generalist,deeptech
Arjun Raj Jain,Founder @ pre.dev,pre.dev,https://www.linkedin.com/in/arjunrajjain/,generalist,deeptech
Matan Grinberg,CEO & Co-Founder at Factory,Factory,https://www.linkedin.com/in/matan-grinberg/,generalist,deeptech
Austin Lee,Former Co-Founder and CEO at KAYA Climb,KAYA Climb,https://www.linkedin.com/in/austinlee1989/,generalist,deeptech
Larry Fulton,"Founder, Business Strategist",,https://www.linkedin.com/in/larry-fulton/,generalist,deeptech
Amit Prakash,"CEO and Founder of AmpUP AI (Also known as A79), Co-founder of ThoughtSpot Inc., and Author of 'Elements of Programming Interviews'",,https://www.linkedin.com/in/amit-prakash-50719a2/,ai,deeptech
Web Sun,President and Co-Founder of Komodo Health,,https://www.linkedin.com/in/websun/,biotech,deeptech
Nikunj Bajaj,Co-founder & CEO at TrueFoundry | GenAI | LLM & MCP Gateway,TrueFoundry,https://www.linkedin.com/in/nikunj-bajaj-10476824/,ai,deeptech
Chris Severn,Co-Founder & CEO at Turquoise Health,Turquoise Health,https://www.linkedin.com/in/csevern/,biotech,deeptech
Tanner Baldwin,"Founder @ Scout, Ex-CloudKitchens, Uber",Scout,https://www.linkedin.com/in/tannerbaldwin/,generalist,deeptech
George Sivulka,Founder & CEO at Hebbia,Hebbia,https://www.linkedin.com/in/sivulka/,generalist,deeptech
Sahil Aggarwal,Co-founder & CEO - Rattle,Rattle,https://www.linkedin.com/in/saggarwal2/,generalist,deeptech
Harry Stebbings,Founder @ 20VC,20VC,https://www.linkedin.com/in/harrystebbings/,generalist,deeptech
Dillon Liang,Co-Founder at Blueprint Finance,Blueprint Finance,https://www.linkedin.com/in/dillsl/,generalist,deeptech
"Josh Johnston, PhD",Founder,,https://www.linkedin.com/in/josh-johnston/,generalist,deeptech
Joseph Nelson,"Co-founder, CEO @ Roboflow",Roboflow,https://www.linkedin.com/in/josephofiowa/,generalist,deeptech
Kyle Bhiro,Co-founder of Pensar | Insecure Agents Podcast,Insecure Agents Podcast,https://www.linkedin.com/in/kylebhiro/,generalist,deeptech
Brooke Hopkins,Founder @ Coval | ex-Waymo,Coval,https://www.linkedin.com/in/bnhop/,generalist,deeptech
Adeel Zaman,Founder | Building fearlessly,Building fearlessly,https://www.linkedin.com/in/adeelzam/,generalist,deeptech
Ethan Loosbrock,Founder and CEO of Ouros. X: @ELoosbrock,,https://www.linkedin.com/in/ethanloosbrock/,generalist,deeptech
Maika Isogawa,Founder and CEO at Webacy | Forbes 30 Under 30 | Investor | Former Cirque Du Soleil acrobat,Webacy,https://www.linkedin.com/in/maikaisogawa/,generalist,deeptech
Sylvester (sly) Spencer-Lee,2x Moonshot Founder | Son of Immigrants | Founder Coach | Former WEF Global Future Council Co-Chair | Forbes 30 Under 30 | Student of the Dao De Jing,Student of the Dao De Jing,https://www.linkedin.com/in/slylee/,ai,deeptech
Aaron Sisto,Founder @ Chronicle Studios | Deeptech VC,Chronicle Studios,https://www.linkedin.com/in/aaronsisto/,generalist,deeptech
Aidan McCarty,"CEO, Founder @ Verified ‚úÖ | Top 25, Stanford '19 | Forbes 30 Under 30 | 1-Click Signup for the world's best companies",Verified ‚úÖ,https://www.linkedin.com/in/aidan-mccarty/,generalist,deeptech
Cole Kennelly,"Founder & CEO at Volmex Labs, growing the BVIV Index, EVIV Index, and Volmex index-linked products!",Volmex Labs,https://www.linkedin.com/in/colekennelly/,generalist,deeptech
Apoorv Mulay,Founder | Entrepreneur | USC MS,USC MS,https://www.linkedin.com/in/apoorv-mulay-800935143/,generalist,deeptech
Andrea Rocchetto,Co-founder at Ephos,Ephos,https://www.linkedin.com/in/andrea-rocchetto/,generalist,deeptech
Mateo Beccar Varela,"Co-Founder, Chief Product Officer at Quikirr",Quikirr,https://www.linkedin.com/in/mateobeccar/,generalist,deeptech
Zac Judkins,CEO/Founder @ Path Power,Path Power,https://www.linkedin.com/in/zac-judkins-1b478416/,generalist,deeptech
Isaiah Taylor,Founder @ Valar Atomics,Valar Atomics,https://www.linkedin.com/in/isaiahptaylor/,generalist,deeptech
Ross Finman,"CEO & Founder @ Augmodo, AR @ Niantic, CEO & Cofounder @ Escher Reality, YCombinator, Forbes 30 under 30, MIT",Escher Reality,https://www.linkedin.com/in/ross-finman-a0618512/,generalist,deeptech
Dipan Pal,Founder @ Voaige | Cognitive Systems for General Intelligence,Voaige,https://www.linkedin.com/in/dipan-pal-91980054/,ai,deeptech
Simon Kubica,Co-founder at Alloy,Alloy,https://www.linkedin.com/in/simonkubica/,generalist,deeptech
Andrew Friday,"Co-Founder, CEO at Incite Interactive",Incite Interactive,https://www.linkedin.com/in/mobile-pm/,generalist,deeptech
Benj Conway,CEO + Co-Founder of Zap Energy,,https://www.linkedin.com/in/benjconway/,fusion_energy,deeptech
Denis Y.,Founder,,https://www.linkedin.com/in/denis-yurchenko-mtlab/,generalist,deeptech
Sarah L.,"Former Founder | Deep Tech Operator | Scaling High-Stakes, Dual-Use Startups | Autonomy & Quantum Sectors",Autonomy & Quantum Sectors,https://www.linkedin.com/in/sarahelaughlin/,quantum,deeptech
TJ (Teej) Ragsdale,"Chief Executive Officer, Co-Founder @ Raad | Aerial Intelligence, End-to-End",Raad,https://www.linkedin.com/in/tj-teej-ragsdale-879ba6b9/,generalist,deeptech
Derek Rosenzweig,"Founder, Runtime Labs",,https://www.linkedin.com/in/derek-rosenzweig-511644114/,generalist,deeptech
Jannik Wiedenhaupt,"CPO & Co-founder at SUPPLYCO || McKinsey || Siemens || Columbia || TU Munich || Runner, Rock Climber",SUPPLYCO,https://www.linkedin.com/in/jannikwiedenhaupt/,generalist,deeptech
Robert Rodriguez,"Chairman & Founder, SINET | Venture Partner, SYN Ventures",Venture Partner,https://www.linkedin.com/in/rdrod/,ai,deeptech
Christopher Harrison,Co-Founder and CEO of EmergeGen,,https://www.linkedin.com/in/christophermharrison/,generalist,deeptech
Andrew Antos,CEO/Founder Klarity | Powering Always-On kAIzen | $70m Series B | Harvard Law | Y Combinator,Y Combinator,https://www.linkedin.com/in/ondrejantos/,ai,deeptech
Joseph Hackman,Founder at Permanence,Permanence,https://www.linkedin.com/in/josephehackman/,generalist,deeptech
Ido Volff,"Business and Sales executive | Growth Hacker | B2B SaaS, Big data, LLM, Fintech and Crypto entrepreneur | Co-founder @ superQuery (acquired Feb 2020) | Early stage Mentor",superQuery,https://www.linkedin.com/in/idovolff/,ai,deeptech
Ken Deering,CEO & Co-Founder iGuard Home Solutions Inc: InsurTech:Predict and Prevent | AgeTech | PropTech,PropTech,https://www.linkedin.com/in/kendeering1/,generalist,deeptech
Uwe Cerron,"Defi Portfolio Manager at Coinchange, Founder of Traders Guild, Turing Strategy",Coinchange,https://www.linkedin.com/in/uwecerron/,generalist,deeptech
Shashank .,Co-founder & CEO at CredShields Building SolidityScan.com - A cloud based smart contract security scanner | Ex-Security Analyst at HackerOne | Team Lead at Cobalt.io | OWASP Smart Contract Security scs.owasp.org,Cobalt.io,https://www.linkedin.com/in/shashank-in/,generalist,deeptech
"Margaret Kocherga, PhD",Founder| Materials scientist for organic electronics| Dancer/choreographer| TEDx Speaker,,https://www.linkedin.com/in/margaret-kocherga/,generalist,deeptech
Daniel Avital,Co-Founder & CEO @ Pandorian | Building the AI Code Enforcer,Pandorian,https://www.linkedin.com/in/daniel-avital-6b82a0129/,ai,deeptech
Rohan Karthik,Co-Founder & CEO @ Inversion Semiconductor | YC W25,Inversion Semiconductor,https://www.linkedin.com/in/rohan-karthik-60a0b61b7/,robotics_hardware,deeptech
Ezhilarasan (Ez) Natarajan,"Founder, Chairman and CEO @ CoreStack | AI-powered Cloud Governance",CoreStack,https://www.linkedin.com/in/ezhiln/,ai,deeptech
Avichai Ben,Co-Founder & CTO at Charm Security,Charm Security,https://www.linkedin.com/in/avichai-ben/,generalist,deeptech
William G. J. Theron,"Founder of Deep Atomic | M.Eng Nuclear, MBA | Compact Nuclear Reactors, Purpose Built for Compute",Compact Nuclear Reactors,https://www.linkedin.com/in/williamtheron/,fusion_energy,deeptech
Julien Camirand Lemyre,Chief Executive Officer & co-founder at Nord Quantique,Nord Quantique,https://www.linkedin.com/in/juliencamirandlemyre/,generalist,deeptech
Wayne Chen,"Helping business owners with global money movement and payments | Crypto, OTC, Payments, FX, On-ramp / Off-ramp | CEO & Co-Founder @ EukaPay",EukaPay,https://www.linkedin.com/in/twchen/,generalist,deeptech
"Ilyas Khan, KSG",Founder Cambridge Quantum Computing/Quantinuum. Vice Chairman of the Board and also Chief Product Officer of Quantinuum,,https://www.linkedin.com/in/ilyas-khan-ksg-2a899453/,quantum,deeptech
Deddy Lavid,CEO@Cyvers | AI-Driven Crypto Fraud Prevention | 3x Founder with Exit | Scaled 5x Global R&D Centers | 13x Patents | 5x investor,5x investor,https://www.linkedin.com/in/deddy-lavid-19b8151b/,ai,deeptech
